-- phpMyAdmin SQL Dump
-- version 5.2.1
-- https://www.phpmyadmin.net/
--
-- Host: 127.0.0.1
-- Generation Time: Feb 19, 2024 at 03:41 PM
-- Server version: 10.4.28-MariaDB
-- PHP Version: 8.2.4

SET SQL_MODE = "NO_AUTO_VALUE_ON_ZERO";
START TRANSACTION;
SET time_zone = "+00:00";


/*!40101 SET @OLD_CHARACTER_SET_CLIENT=@@CHARACTER_SET_CLIENT */;
/*!40101 SET @OLD_CHARACTER_SET_RESULTS=@@CHARACTER_SET_RESULTS */;
/*!40101 SET @OLD_COLLATION_CONNECTION=@@COLLATION_CONNECTION */;
/*!40101 SET NAMES utf8mb4 */;

--
-- Database: `bayukasir`
--

-- --------------------------------------------------------

--
-- Table structure for table `barang`
--

CREATE TABLE `barang` (
  `id` int(11) NOT NULL,
  `id_barang` varchar(255) NOT NULL,
  `id_kategori` int(11) NOT NULL,
  `nama_barang` text NOT NULL,
  `merk` varchar(255) NOT NULL,
  `harga_beli` varchar(255) NOT NULL,
  `harga_jual` varchar(255) NOT NULL,
  `satuan_barang` varchar(255) NOT NULL,
  `stok` text NOT NULL,
  `tgl_input` varchar(255) NOT NULL,
  `tgl_update` varchar(255) DEFAULT NULL
) ENGINE=InnoDB DEFAULT CHARSET=latin1 COLLATE=latin1_swedish_ci;

--
-- Dumping data for table `barang`
--

INSERT INTO `barang` (`id`, `id_barang`, `id_kategori`, `nama_barang`, `merk`, `harga_beli`, `harga_jual`, `satuan_barang`, `stok`, `tgl_input`, `tgl_update`) VALUES
(2, 'BR002', 5, 'Sabun', 'Lifeboy', '1800', '3000', 'PCS', '38', '6 October 2020, 0:41', '6 October 2020, 0:54'),
(3, 'BR003', 1, 'Pulpen', 'Standard', '1500', '2500', 'PCS', '73', '6 October 2020, 1:34', '1 February 2024, 21:36'),
(6, 'BR004', 8, 'Teh Botol Sosro', 'Sosro', '4000', '4500', 'PCS', '30', '19 February 2024, 20:41', '19 February 2024, 21:04'),
(7, 'BR005', 8, 'Teh Kotak', 'Sosro', '4000', '4500', 'PCS', '20', '19 February 2024, 20:49', '19 February 2024, 21:05'),
(8, 'BR006', 6, 'Tango Wafer Chocolate 270G', 'Nabati Group', '27000', '28000', 'PCS', '15', '19 February 2024, 20:52', '19 February 2024, 21:05'),
(9, 'BR007', 9, 'Indomie Mi Goreng', 'Indofood', '3500', '4000', 'PCS', '20', '19 February 2024, 20:59', '19 February 2024, 21:05'),
(10, 'BR008', 6, 'Kacang Garuda 100G', 'GarudaFood', '9000', '10000', 'PCS', '20', '19 February 2024, 21:00', '19 February 2024, 21:05'),
(11, 'BR009', 9, 'Choki-Choki 4X9G', 'Mayora Indah', '5000', '6000', 'PCS', '25', '19 February 2024, 21:05', '19 February 2024, 21:12'),
(12, 'BR010', 6, 'Chitato', 'Indofood', '10000', '11000', 'PCS', '25', '19 February 2024, 21:09', '19 February 2024, 21:12'),
(13, 'BR011', 8, 'Bear Brand', 'Nestl&eacute; Indonesia', '9500', '10000', 'PCS', '20', '19 February 2024, 21:10', '19 February 2024, 21:12');

-- --------------------------------------------------------

--
-- Table structure for table `kategori`
--

CREATE TABLE `kategori` (
  `id_kategori` int(11) NOT NULL,
  `nama_kategori` varchar(255) NOT NULL,
  `tgl_input` varchar(255) NOT NULL
) ENGINE=InnoDB DEFAULT CHARSET=latin1 COLLATE=latin1_swedish_ci;

--
-- Dumping data for table `kategori`
--

INSERT INTO `kategori` (`id_kategori`, `nama_kategori`, `tgl_input`) VALUES
(1, 'ATK', '7 May 2017, 10:23'),
(5, 'Sabun', '7 May 2017, 10:28'),
(6, 'Snack', '6 October 2020, 0:19'),
(8, 'Minuman', '19 February 2024, 20:41'),
(9, 'Makanan', '19 February 2024, 20:59');

-- --------------------------------------------------------

--
-- Table structure for table `member`
--

CREATE TABLE `member` (
  `id_member` int(11) NOT NULL,
  `nm_member` varchar(255) DEFAULT NULL,
  `alamat_member` text DEFAULT NULL,
  `telepon` varchar(255) DEFAULT NULL,
  `email` varchar(255) DEFAULT NULL,
  `gambar` text DEFAULT NULL,
  `NIK` text DEFAULT NULL,
  `status` enum('1','2') NOT NULL,
  `user` varchar(255) NOT NULL,
  `pass` varchar(255) NOT NULL
) ENGINE=InnoDB DEFAULT CHARSET=latin1 COLLATE=latin1_swedish_ci;

--
-- Dumping data for table `member`
--

INSERT INTO `member` (`id_member`, `nm_member`, `alamat_member`, `telepon`, `email`, `gambar`, `NIK`, `status`, `user`, `pass`) VALUES
(1, 'Bayu ', 'Batuajajar', '083141325905', 'bayulaksamana303@gmail.com', '1707123257logo-rpl (1).png', '12314121', '1', 'admin', '21232f297a57a5a743894a0e4a801fc3'),
(2, 'Petugas', 'Italia', '087773336123', 'petugas@gmail.com', '1707123333rpl-letter-logo-design-on-black-background-rpl-creative-initials-letter-logo-concept-rpl-letter-design-vector.jpg', '36000000000', '2', 'petugas', 'afb91ef692fd08c445e8cb1bab2ccf9c'),
(3, NULL, NULL, NULL, NULL, NULL, NULL, '2', 'petugas2', 'ac5604a8b8504d4ff5b842480df02e91');

-- --------------------------------------------------------

--
-- Table structure for table `nota`
--

CREATE TABLE `nota` (
  `id_nota` int(11) NOT NULL,
  `id_barang` varchar(255) NOT NULL,
  `id_member` int(11) NOT NULL,
  `jumlah` varchar(255) NOT NULL,
  `total` varchar(255) NOT NULL,
  `tanggal_input` varchar(255) NOT NULL,
  `periode` varchar(255) DEFAULT NULL
) ENGINE=InnoDB DEFAULT CHARSET=latin1 COLLATE=latin1_swedish_ci;

--
-- Dumping data for table `nota`
--

INSERT INTO `nota` (`id_nota`, `id_barang`, `id_member`, `jumlah`, `total`, `tanggal_input`, `periode`) VALUES
(1, 'BR003', 1, '2', '5000', '1 February 2024, 21:40', '02-2024');

-- --------------------------------------------------------

--
-- Table structure for table `penjualan`
--

CREATE TABLE `penjualan` (
  `id_penjualan` int(11) NOT NULL,
  `id_barang` varchar(255) NOT NULL,
  `id_member` int(11) NOT NULL,
  `jumlah` varchar(255) NOT NULL,
  `total` varchar(255) NOT NULL,
  `tanggal_input` varchar(255) NOT NULL
) ENGINE=InnoDB DEFAULT CHARSET=latin1 COLLATE=latin1_swedish_ci;

-- --------------------------------------------------------

--
-- Table structure for table `toko`
--

CREATE TABLE `toko` (
  `id_toko` int(11) NOT NULL,
  `nama_toko` varchar(255) NOT NULL,
  `alamat_toko` text NOT NULL,
  `tlp` varchar(255) NOT NULL,
  `nama_pemilik` varchar(255) NOT NULL
) ENGINE=InnoDB DEFAULT CHARSET=latin1 COLLATE=latin1_swedish_ci;

--
-- Dumping data for table `toko`
--

INSERT INTO `toko` (`id_toko`, `nama_toko`, `alamat_toko`, `tlp`, `nama_pemilik`) VALUES
(1, 'CV BAYY', 'Batujajar', '081234567890', 'Bayu');

--
-- Indexes for dumped tables
--

--
-- Indexes for table `barang`
--
ALTER TABLE `barang`
  ADD PRIMARY KEY (`id`),
  ADD KEY `id_kategori` (`id_kategori`);

--
-- Indexes for table `kategori`
--
ALTER TABLE `kategori`
  ADD PRIMARY KEY (`id_kategori`);

--
-- Indexes for table `member`
--
ALTER TABLE `member`
  ADD PRIMARY KEY (`id_member`),
  ADD UNIQUE KEY `user` (`user`);

--
-- Indexes for table `nota`
--
ALTER TABLE `nota`
  ADD PRIMARY KEY (`id_nota`),
  ADD KEY `id_member` (`id_member`);

--
-- Indexes for table `penjualan`
--
ALTER TABLE `penjualan`
  ADD PRIMARY KEY (`id_penjualan`),
  ADD KEY `id_member` (`id_member`);

--
-- Indexes for table `toko`
--
ALTER TABLE `toko`
  ADD PRIMARY KEY (`id_toko`);

--
-- AUTO_INCREMENT for dumped tables
--

--
-- AUTO_INCREMENT for table `barang`
--
ALTER TABLE `barang`
  MODIFY `id` int(11) NOT NULL AUTO_INCREMENT, AUTO_INCREMENT=14;

--
-- AUTO_INCREMENT for table `kategori`
--
ALTER TABLE `kategori`
  MODIFY `id_kategori` int(11) NOT NULL AUTO_INCREMENT, AUTO_INCREMENT=10;

--
-- AUTO_INCREMENT for table `member`
--
ALTER TABLE `member`
  MODIFY `id_member` int(11) NOT NULL AUTO_INCREMENT, AUTO_INCREMENT=4;

--
-- AUTO_INCREMENT for table `nota`
--
ALTER TABLE `nota`
  MODIFY `id_nota` int(11) NOT NULL AUTO_INCREMENT, AUTO_INCREMENT=2;

--
-- AUTO_INCREMENT for table `penjualan`
--
ALTER TABLE `penjualan`
  MODIFY `id_penjualan` int(11) NOT NULL AUTO_INCREMENT, AUTO_INCREMENT=2;

--
-- AUTO_INCREMENT for table `toko`
--
ALTER TABLE `toko`
  MODIFY `id_toko` int(11) NOT NULL AUTO_INCREMENT, AUTO_INCREMENT=2;

--
-- Constraints for dumped tables
--

--
-- Constraints for table `barang`
--
ALTER TABLE `barang`
  ADD CONSTRAINT `barang_ibfk_1` FOREIGN KEY (`id_kategori`) REFERENCES `kategori` (`id_kategori`);

--
-- Constraints for table `nota`
--
ALTER TABLE `nota`
  ADD CONSTRAINT `nota_ibfk_1` FOREIGN KEY (`id_member`) REFERENCES `member` (`id_member`);

--
-- Constraints for table `penjualan`
--
ALTER TABLE `penjualan`
  ADD CONSTRAINT `penjualan_ibfk_1` FOREIGN KEY (`id_member`) REFERENCES `member` (`id_member`);
COMMIT;

/*!40101 SET CHARACTER_SET_CLIENT=@OLD_CHARACTER_SET_CLIENT */;
/*!40101 SET CHARACTER_SET_RESULTS=@OLD_CHARACTER_SET_RESULTS */;
/*!40101 SET COLLATION_CONNECTION=@OLD_COLLATION_CONNECTION */;
